species,eventDate,decimalLatitude,decimalLongitude
Balaenoptera musculus,2023-07-16T15:49:47Z,34.151644,-119.583518
Balaenoptera musculus,2024-06-08T15:40:27Z,34.174426,-119.940604
Balaenoptera musculus,2024-05-31T16:58:20Z,33.547969,-117.898164
Balaenoptera musculus,2024-06-08T16:14:54Z,34.174426,-119.940604
Balaenoptera musculus,2024-06-08T16:15:22Z,34.174426,-119.940604
Balaenoptera musculus,2025-07-23T16:41:44Z,33.364206,-118.237791
Balaenoptera musculus,2023-07-16T11:24:47Z,34.151644,-119.583518
Balaenoptera musculus,2025-08-17T10:31:57Z,32.623196,-117.917912
Balaenoptera musculus,2025-06-10T00:00:00Z,32.742043,-117.666344
Balaenoptera musculus,2023-05-17T13:56:08Z,33.685498,-118.341508
Balaenoptera musculus,2023-05-17T13:56:08Z,33.685498,-118.341508
Balaenoptera musculus,2025-08-17T10:28:11Z,32.628858,-117.86205
Balaenoptera musculus,2025-08-17T10:17:21Z,32.843646,-118.004818
Balaenoptera musculus,2025-08-06T11:28:23Z,33.467841,-117.99545
Balaenoptera musculus,2025-08-06T11:29:24Z,33.467841,-117.99545
Balaenoptera musculus,2025-08-06T13:40:52Z,33.467841,-117.99545
Balaenoptera musculus,2024-06-30T15:55:22Z,32.620749000000004,-117.378771
Balaenoptera musculus,2025-06-24T00:00:00Z,32.671977,-117.2722
Balaenoptera musculus,2025-06-24T00:00:00Z,32.701991,-117.294198
Balaenoptera musculus,2025-06-24T00:00:00Z,32.701991,-117.294198
Balaenoptera musculus,2025-08-16T11:41:10Z,33.446577,-117.880008
Balaenoptera musculus,2025-06-11T00:00:00Z,32.618954,-117.638662
Balaenoptera musculus,2025-07-14T00:00:00Z,32.688492,-117.32489700000001
Balaenoptera musculus,2025-07-14T00:00:00Z,32.688492,-117.32489700000001
Balaenoptera musculus,2025-05-31T09:22:33Z,32.73306,-117.518555
Balaenoptera musculus,2025-05-31T09:22:34Z,32.73306,-117.518555
Balaenoptera musculus,2025-06-16T21:19:33Z,32.532776,-117.235279
Balaenoptera musculus,2025-05-29T00:00:00Z,32.712603,-117.551239
Balaenoptera musculus,2025-08-16T16:15:00Z,33.4287,-117.87745
Balaenoptera musculus,2025-05-28T00:00:00Z,32.653221,-117.496406
Balaenoptera musculus,2025-05-28T00:00:00Z,32.653221,-117.496406
Balaenoptera musculus,2025-05-29T00:00:00Z,32.748021,-117.476904
Balaenoptera musculus,2025-05-01T08:24:09Z,32.63,-117.37
Balaenoptera musculus,2025-05-01T08:24:31Z,32.63,-117.37
Balaenoptera musculus,2024-07-14T02:10:00Z,32.692618,-117.497492
Balaenoptera musculus,2025-08-17T11:44:47Z,32.619834,-117.860152
Balaenoptera musculus,2025-08-17T11:43:49Z,32.61978,-117.904242
Balaenoptera musculus,2025-08-16T11:25:27Z,33.496882,-117.932774
Balaenoptera musculus,2025-04-25T15:26:38Z,33.700926,-118.294023
Balaenoptera musculus,2025-08-16T12:06:24Z,33.534844,-117.92402
Balaenoptera musculus,2025-08-16T12:56:30Z,32.666863,-117.874864
Balaenoptera musculus,2024-07-10T11:23:02Z,32.14,-119.17
Balaenoptera musculus,2025-08-16T12:56:30Z,32.666863,-117.874864
Balaenoptera musculus,2025-08-17T09:59:26Z,32.611643,-117.840448
Balaenoptera musculus,2025-08-05T14:41:37Z,33.471338,-117.902527
Balaenoptera musculus,2025-08-05T11:56:20Z,33.449408,-117.968445
Balaenoptera musculus,2024-06-18T11:49:47Z,34.050054,-119.463936
Balaenoptera musculus,2024-06-18T11:50:31Z,34.050054,-119.463936
Balaenoptera musculus,2024-06-18T11:49:47Z,34.050054,-119.463936
Balaenoptera musculus,2025-08-17T11:10:29Z,32.616176,-117.876772
Balaenoptera musculus,2025-08-16T12:45:54Z,32.648168,-117.660793
Balaenoptera musculus,2025-08-17T09:31:25Z,32.624898,-117.87845
Balaenoptera musculus,2025-08-16T10:24:42Z,32.689838,-117.956432
Balaenoptera musculus,2025-08-16T09:41:12Z,32.640625,-117.748958
Balaenoptera musculus,2025-08-16T12:50:35Z,32.668376,-117.888134
Balaenoptera musculus,2025-06-06T10:09:21Z,32.666256,-117.47745
Balaenoptera musculus,2024-06-14T11:57:43Z,34.118688,-119.597592
Balaenoptera musculus,2024-06-14T12:15:21Z,32.63,-117.37
Balaenoptera musculus,2024-06-14T11:28:33Z,32.63,-117.37
Balaenoptera musculus,2024-06-14T12:02:43Z,34.121067,-119.601772
Balaenoptera musculus,2022-07-16T12:43:18Z,33.280278,-118.113333
Balaenoptera musculus,2023-06-11T16:13:13Z,32.674964,-117.313385
Balaenoptera musculus,2023-06-15T11:12:04Z,32.681899,-117.296906
Balaenoptera musculus,2024-06-26T13:57:00Z,32.759278,-117.295532
Balaenoptera musculus,2024-05-26T09:44:05Z,33.43,-117.7
Balaenoptera musculus,2024-06-12T13:02:59Z,34.103735,-119.787038
Balaenoptera musculus,2024-07-01T12:22:39Z,34.10346,-119.624192
Balaenoptera musculus,2024-06-14T11:57:43Z,34.121067,-119.601772
Balaenoptera musculus,2024-06-12T12:41:52Z,34.103735,-119.787038
Balaenoptera musculus,2024-06-12T12:53:23Z,34.103735,-119.787038
Balaenoptera musculus,2024-08-09T13:41:40Z,34.117,-120.063
Balaenoptera musculus,2024-05-29T12:00:00Z,33.6,-118.1
Balaenoptera musculus,2024-07-24T11:41:05Z,33.570828,-117.943726
Balaenoptera musculus,2024-08-09T15:54:05Z,33.543362,-117.853088
Balaenoptera musculus,2020-09-08T12:35:23Z,34.11,-120
Balaenoptera musculus,2020-09-18T11:36:56Z,34.1,-119.9
Balaenoptera musculus,2020-09-18T12:26:48Z,34.1,-119.9
Balaenoptera musculus,2020-09-18T12:31:21Z,34.1,-119.9
Balaenoptera musculus,2020-09-08T12:56:56Z,34.11,-120
Balaenoptera musculus,2020-09-08T12:38:37Z,34.11,-120.05
Balaenoptera musculus,2024-07-14T14:50:06Z,32.7,-117.5
Balaenoptera musculus,2024-07-24T11:05:43Z,33.6,-118.1
Balaenoptera musculus,2024-07-01T11:00:00Z,32.643151,-117.333984
Balaenoptera musculus,2024-07-07T11:41:13Z,33.51571,-117.86086
Balaenoptera musculus,2020-09-08T13:10:33Z,34.11,-120
Balaenoptera musculus,2020-09-08T13:04:28Z,34.11,-120
Balaenoptera musculus,2024-06-28T19:03:22Z,32.757749,-117.310638
Balaenoptera musculus,2020-09-18T11:36:16Z,34.1,-119.9
Balaenoptera musculus,2024-07-01T03:08:49Z,32.642438,-117.443848
Balaenoptera musculus,2024-07-01T03:17:31Z,32.666718,-117.449341
Balaenoptera musculus,2024-07-01T03:13:02Z,32.642438,-117.391663
Balaenoptera musculus,2024-07-09T13:09:31Z,31.89,-118.48
Balaenoptera musculus,2024-07-09T13:08:38Z,31.89,-118.48
Balaenoptera musculus,2024-07-09T13:37:45Z,31.89,-118.48
Balaenoptera musculus,2024-07-09T13:33:32Z,31.89,-118.48
Balaenoptera musculus,2024-07-09T12:57:59Z,31.893154,-118.487549
Balaenoptera musculus,2024-06-30T12:25:00Z,34.101055,-119.631237
Balaenoptera musculus,2024-06-30T13:07:54Z,34.099853,-119.607307
Balaenoptera musculus,2024-07-09T12:58:55Z,31.89,-118.48
Balaenoptera musculus,2024-07-09T13:41:59Z,31.89,-118.48
Balaenoptera musculus,2024-07-09T13:40:50Z,31.89,-118.48
Balaenoptera musculus,2024-07-02T00:00:00Z,34.2,-120
Balaenoptera musculus,2024-07-02T13:16:36Z,33.590947,-118.111915
Balaenoptera musculus,2024-06-12T13:51:31Z,33.703723,-118.353833
Balaenoptera musculus,2024-06-12T16:55:54Z,33.737037,-118.435177
Balaenoptera musculus,2024-07-09T13:43:18Z,31.89,-118.48
Balaenoptera musculus,2024-06-12T17:02:02Z,33.738703,-118.433668
Balaenoptera musculus,2024-06-30T12:53:11Z,34.104412,-119.611455
Balaenoptera musculus,2024-06-30T11:52:40Z,34.105903,-119.64512
Balaenoptera musculus,2024-06-30T13:06:38Z,34.099525,-119.60669
Balaenoptera musculus,2024-06-09T14:09:49Z,33.45404,-117.743912
Balaenoptera musculus,2024-06-30T13:07:54Z,34.099853,-119.607307
Balaenoptera musculus,2024-06-30T12:54:00Z,34.104707,-119.610508
Balaenoptera musculus,2024-06-19T12:24:02Z,34.105658,-119.475381
Balaenoptera musculus,2024-06-30T12:58:29Z,34.104802,-119.605472
Balaenoptera musculus,2024-07-09T14:46:07Z,32.14,-119.17
Balaenoptera musculus,2024-07-09T14:44:34Z,32.144,-119.17
Balaenoptera musculus,2024-07-09T14:47:51Z,32.14,-119.17
Balaenoptera musculus,2024-06-02T11:59:10Z,32.707307,-117.349091
Balaenoptera musculus,2024-07-09T14:47:37Z,32.14,-119.17
Balaenoptera musculus,2024-07-09T15:12:55Z,32.14,-119.17
Balaenoptera musculus,2024-07-09T14:28:21Z,31.973935,-118.967247
Balaenoptera musculus,2024-06-02T11:11:47Z,32.875767,-117.290039
Balaenoptera musculus,2024-07-09T14:42:57Z,32.14,-119.17
Balaenoptera musculus,2024-07-09T14:42:19Z,32.144659,-119.174194
Balaenoptera musculus,2024-05-30T12:35:44Z,32.870757,-117.314758
Balaenoptera musculus,2024-05-18T12:04:22Z,32.749565,-117.338104
Balaenoptera musculus,2024-06-12T12:00:03Z,34.104857,-119.611723
Balaenoptera musculus,2024-05-18T12:59:47Z,32.74,-117.33
Balaenoptera musculus,2024-05-18T13:02:16Z,32.74,-117.33
Balaenoptera musculus,2024-06-12T12:02:44Z,34.107797,-119.599828
Balaenoptera musculus,2024-06-12T12:02:44Z,34.105727,-119.606408
Balaenoptera musculus,2024-06-12T14:12:22Z,34.103388,-119.618859
Balaenoptera musculus,2024-06-12T12:12:37Z,34.108303,-119.605325
Balaenoptera musculus,2024-06-10T00:00:00Z,34.2,-120
Balaenoptera musculus,2024-06-12T14:12:22Z,34.103388,-119.618859
Balaenoptera musculus,2024-05-10T11:49:15Z,32.702594,-117.35321
Balaenoptera musculus,2024-05-17T12:11:41Z,32.711839,-117.342224
Balaenoptera musculus,2024-05-17T12:12:59Z,32.74267,-117.301025
Balaenoptera musculus,2024-06-12T11:57:13Z,34.104877,-119.611085
Balaenoptera musculus,2024-06-12T11:40:11Z,34.105727,-119.606408
Balaenoptera musculus,2024-06-12T12:15:46Z,34.108267,-119.605273
Balaenoptera musculus,2024-06-12T12:16:06Z,34.108338,-119.605075
Balaenoptera musculus,2024-07-09T14:48:33Z,32.14,-119.17
Balaenoptera musculus,2024-07-09T14:49:06Z,32.14,-119.17
Balaenoptera musculus,2024-07-09T14:48:52Z,32.14,-119.17
Balaenoptera musculus,2024-06-12T14:53:37Z,34.098795,-119.622737
Balaenoptera musculus,2024-07-09T13:59:58Z,31.89,-118.48
Balaenoptera musculus,2024-07-09T13:56:34Z,31.89,-118.48
Balaenoptera musculus,2024-07-09T14:07:36Z,31.89,-118.48
Balaenoptera musculus,2024-07-09T14:03:38Z,31.89,-118.48
Balaenoptera musculus,2024-07-09T13:54:17Z,31.89,-118.48
Balaenoptera musculus,2024-07-09T13:44:11Z,31.89,-118.48
Balaenoptera musculus,2024-07-09T13:56:26Z,31.89,-118.48
Balaenoptera musculus,2024-07-09T13:55:51Z,31.89,-118.48
Balaenoptera musculus,2024-07-02T16:12:34Z,33.6,-118.1
Balaenoptera musculus,2024-06-28T13:24:27Z,34.09906,-119.66834
Balaenoptera musculus,2024-06-28T12:59:04Z,34.09906,-119.66834
Balaenoptera musculus,2024-07-09T14:07:59Z,31.869831,-119.069824
Balaenoptera musculus,2024-07-04T11:42:58Z,34.092022,-119.515348
Balaenoptera musculus,2024-05-10T10:26:57Z,32.714908,-117.36969
Balaenoptera musculus,2024-05-10T10:45:19Z,32.707217,-117.366943
Balaenoptera musculus,2024-06-12T15:00:31Z,34.098682,-119.623692
Balaenoptera musculus,2024-06-12T11:45:42Z,34.10576,-119.603187
Balaenoptera musculus,2024-06-12T15:39:11Z,34.112402,-119.607222
Balaenoptera musculus,2024-07-09T14:27:05Z,31.902481,-119.371948
Balaenoptera musculus,2024-07-09T14:21:15Z,31.762472,-119.179688
Balaenoptera musculus,2024-07-10T10:44:15Z,32.14,-119.17
Balaenoptera musculus,2024-07-10T10:07:53Z,32.14,-119.17
Balaenoptera musculus,2024-07-09T15:27:45Z,32.14,-119.17
Balaenoptera musculus,2024-07-09T15:26:43Z,32.14,-119.17
Balaenoptera musculus,2024-07-09T15:30:42Z,32.14,-119.17
Balaenoptera musculus,2024-07-09T15:29:50Z,32.14,-119.17
Balaenoptera musculus,2024-06-22T00:00:00Z,34.100288,-119.959591
Balaenoptera musculus,2024-06-22T00:00:00Z,34.100288,-119.959591
Balaenoptera musculus,2024-06-22T00:00:00Z,34.100288,-119.959591
Balaenoptera musculus,2024-06-22T00:00:00Z,34.100288,-119.959591
Balaenoptera musculus,2024-06-22T00:00:00Z,34.100288,-119.959591
Balaenoptera musculus,2024-06-22T00:00:00Z,34.100288,-119.959591
Balaenoptera musculus,2024-06-22T00:00:00Z,34.100288,-119.959591
Balaenoptera musculus,2024-06-02T13:35:36Z,33.504448,-117.828561
Balaenoptera musculus,2024-05-21T13:32:51Z,33.43,-117.7
Balaenoptera musculus,2024-07-10T10:51:47Z,32.14,-119.17
Balaenoptera musculus,2024-07-10T11:03:14Z,32.14,-119.17
Balaenoptera musculus,2024-07-10T10:13:48Z,32.14,-119.17
Balaenoptera musculus,2024-06-07T14:40:29Z,33.571615,-118.223877
Balaenoptera musculus,2024-07-09T15:05:19Z,32.14,-119.17
Balaenoptera musculus,2024-07-09T14:58:59Z,32.14,-119.17
Balaenoptera musculus,2024-07-09T14:52:04Z,32.14,-119.17
Balaenoptera musculus,2024-07-09T14:50:20Z,32.14,-119.17
Balaenoptera musculus,2024-07-09T14:58:28Z,32.14,-119.17
Balaenoptera musculus,2024-06-18T16:50:25Z,34.11981,-119.49946
Balaenoptera musculus,2024-05-20T11:06:56Z,32.74,-117.33
Balaenoptera musculus,2024-05-22T10:14:26Z,32.74,-117.33
Balaenoptera musculus,2024-05-25T13:14:07Z,32.719566,-117.46582
Balaenoptera musculus,2024-05-27T15:45:27Z,32.71,-117.46
Balaenoptera musculus,2024-05-27T15:45:28Z,32.71,-117.46
Balaenoptera musculus,2024-06-22T00:00:00Z,34.09436,-119.8264
Balaenoptera musculus,2024-05-27T15:59:55Z,32.71,-117.46
Balaenoptera musculus,2024-06-18T12:03:18Z,34.048601,-119.471512
Balaenoptera musculus,2024-06-12T16:14:46Z,34.103388,-119.618859
Balaenoptera musculus,2024-06-28T18:38:54Z,32.814644,-117.351569
Balaenoptera musculus,2024-05-19T09:30:16Z,32.74,-117.33
Balaenoptera musculus,2024-06-12T15:55:59Z,34.11661,-119.604432
Balaenoptera musculus,2024-06-07T11:32:43Z,33.184071,-117.434921
Balaenoptera musculus,2024-07-09T15:10:54Z,32.14,-119.17
Balaenoptera musculus,2024-07-09T15:09:08Z,32.144,-119.17
Balaenoptera musculus,2024-07-09T15:16:56Z,32.14,-119.17
Balaenoptera musculus,2024-07-09T15:12:05Z,32.14,-119.17
Balaenoptera musculus,2024-07-04T12:50:19Z,34.089887,-119.520792
Balaenoptera musculus,2024-06-30T12:46:20Z,34.109982,-119.623933
Balaenoptera musculus,2024-06-10T11:36:30Z,32.751911,-117.36145
Balaenoptera musculus,2024-06-10T12:01:12Z,32.724187,-117.388916
Balaenoptera musculus,2024-05-29T10:43:29Z,32.707217,-117.375183
Balaenoptera musculus,2024-06-10T11:28:58Z,32.696455,-117.37793
Balaenoptera musculus,2024-07-10T13:13:58Z,32.14,-119.17
Balaenoptera musculus,2024-05-29T11:37:54Z,32.700283,-117.347717
Balaenoptera musculus,2024-07-10T13:16:16Z,32.14,-119.17
Balaenoptera musculus,2024-05-30T09:41:11Z,32.733429,-117.388916
Balaenoptera musculus,2024-05-30T09:41:11Z,32.733429,-117.388916
Balaenoptera musculus,2024-06-30T12:38:56Z,34.104782,-119.62097
Balaenoptera musculus,2024-05-30T10:13:48Z,32.697972,-117.339478
Balaenoptera musculus,2024-06-30T12:16:54Z,34.10384,-119.636057
Balaenoptera musculus,2024-06-30T12:17:00Z,34.10384,-119.636057
Balaenoptera musculus,2024-06-30T11:56:45Z,34.107988,-119.644935
Balaenoptera musculus,2024-06-30T12:08:23Z,34.108223,-119.652268
Balaenoptera musculus,2024-07-10T13:34:05Z,32.14,-119.17
Balaenoptera musculus,2024-07-10T13:34:05Z,32.14,-119.17
Balaenoptera musculus,2024-07-10T13:17:31Z,32.14,-119.17
Balaenoptera musculus,2024-07-10T13:32:52Z,32.14,-119.17
Balaenoptera musculus,2024-07-10T13:30:51Z,32.14,-119.17
Balaenoptera musculus,2024-06-02T12:39:45Z,32.746497,-117.366943
Balaenoptera musculus,2024-07-10T11:26:13Z,32.14,-119.17
Balaenoptera musculus,2024-06-02T12:04:18Z,32.855004,-117.336731
Balaenoptera musculus,2024-06-01T16:04:06Z,33.559938,-117.909564
Balaenoptera musculus,2024-06-02T12:01:19Z,33.56399,-118.000571
Balaenoptera musculus,2024-07-10T11:03:24Z,32.14,-119.17
Balaenoptera musculus,2024-06-08T18:42:27Z,33.531969,-117.855835
Balaenoptera musculus,2024-06-05T10:15:31Z,32.737256,-117.358704
Balaenoptera musculus,2024-06-09T13:09:52Z,32.688726,-117.366943
Balaenoptera musculus,2024-06-02T13:14:42Z,32.733429,-117.427368
Balaenoptera musculus,2024-07-10T11:42:44Z,32.14,-119.18
Balaenoptera musculus,2024-07-10T11:37:02Z,32.14,-119.17
Balaenoptera musculus,2024-07-10T12:58:28Z,32.14,-119.17
Balaenoptera musculus,2024-07-10T12:34:11Z,32.14,-119.17
Balaenoptera musculus,2024-07-10T11:29:06Z,32.14,-119.17
Balaenoptera musculus,2024-05-12T13:32:05Z,32.666133,-117.389267
Balaenoptera musculus,2024-05-26T13:33:31Z,32.708408,-117.864075
Balaenoptera musculus,2024-05-21T14:08:17Z,33.644503,-118.27131
Balaenoptera musculus,2024-05-14T17:04:05Z,33.511558,-118.111954
Balaenoptera musculus,2024-05-14T11:57:37Z,33.309263,-117.625122
Balaenoptera musculus,2024-05-19T14:49:37Z,33.66021,-118.263702
Balaenoptera musculus,2024-05-11T11:28:43Z,33.578515,-117.964325
Balaenoptera musculus,2024-05-20T11:41:36Z,33.446473,-117.688637
Balaenoptera musculus,2024-06-07T15:48:39Z,33.619909,-118.256836
Balaenoptera musculus,2024-06-02T13:27:09Z,33.561944,-117.940583
Balaenoptera musculus,2024-06-06T16:38:27Z,33.56343,-118.199443
Balaenoptera musculus,2024-06-01T16:17:09Z,33.558992,-117.902931
Balaenoptera musculus,2024-05-30T13:09:54Z,34.097241,-119.613647
Balaenoptera musculus,2024-06-06T16:43:11Z,33.56344,-118.196608
Balaenoptera musculus,2024-06-01T11:36:26Z,34.111137,-119.822388
Balaenoptera musculus,2024-06-02T17:53:01Z,33.56,-117.991944
Balaenoptera musculus,2024-06-06T16:34:24Z,33.56498,-118.198733
Balaenoptera musculus,2024-06-03T18:16:00Z,34.2,-120
Balaenoptera musculus,2024-05-19T10:52:01Z,32.63,-117.37
Balaenoptera musculus,2024-06-04T09:30:00Z,33.58296,-117.89238
Balaenoptera musculus,2024-05-31T08:51:48Z,33.543133,-117.901233
Balaenoptera musculus,2024-05-23T13:52:36Z,33.601806,-118.376603
Balaenoptera musculus,2024-06-04T16:23:42Z,33.58488,-118.104398
Balaenoptera musculus,2024-06-06T16:51:58Z,33.564387,-118.19851800000001
Balaenoptera musculus,2024-06-04T16:21:49Z,33.580822,-118.099338
Balaenoptera musculus,2024-06-06T16:20:31Z,33.578048,-118.234872
Balaenoptera musculus,2024-06-06T16:22:31Z,33.577418,-118.231993
Balaenoptera musculus,2024-06-04T13:26:04Z,33.587672,-118.065917
Balaenoptera musculus,2024-06-06T13:36:54Z,33.566845,-118.21355
Balaenoptera musculus,2024-06-04T13:16:59Z,33.589445,-118.095983
Balaenoptera musculus,2024-06-06T13:42:15Z,33.565442,-118.209205
Balaenoptera musculus,2024-06-04T12:58:45Z,33.596878,-118.112617
Balaenoptera musculus,2024-06-06T13:22:09Z,33.565947,-118.213088
Balaenoptera musculus,2024-06-03T00:00:00Z,33.5905,-118.0666
Balaenoptera musculus,2024-06-04T13:47:01Z,33.585087,-118.065502
Balaenoptera musculus,2024-06-06T13:21:22Z,33.566222,-118.213622
Balaenoptera musculus,2024-05-26T10:50:28Z,32.63,-117.37
Balaenoptera musculus,2024-05-21T00:00:00Z,32.751315,-117.424622
Balaenoptera musculus,2024-05-23T18:30:19Z,32.768501,-117.5252
Balaenoptera musculus,2024-06-02T11:19:32Z,34.299603,-119.771613
Balaenoptera musculus,2024-06-02T10:05:57Z,33.64287,-118.292513
Balaenoptera musculus,2024-05-21T00:00:00Z,32.751315,-117.424622
Balaenoptera musculus,2024-05-17T17:13:15Z,33.545901,-117.862701
Balaenoptera musculus,2024-05-04T00:00:00Z,32.736983,-117.321243
Balaenoptera musculus,2024-05-06T09:40:26Z,33.41,-117.921
Balaenoptera musculus,2024-04-14T13:37:23Z,33.656175,-118.287362
Balaenoptera musculus,2020-07-25T11:37:51Z,34.119,-120.089
Balaenoptera musculus,2020-07-25T12:02:49Z,34.119,-120.089
Balaenoptera musculus,2020-07-25T12:06:19Z,34.119,-120.089
Balaenoptera musculus,2020-07-25T12:12:49Z,34.119,-120.089
Balaenoptera musculus,2020-07-25T12:13:53Z,34.119,-120.089
Balaenoptera musculus,2023-07-07T13:36:34Z,33.547654,-118.322754
Balaenoptera musculus,2022-12-31T14:52:19Z,33.595711,-118.299408
Balaenoptera musculus,2021-06-25T17:13:46Z,33.550247,-118.316574
Balaenoptera musculus,2022-12-25T17:24:11Z,33.620034,-118.359146
Balaenoptera musculus,2023-05-30T14:02:30Z,33.576799,-118.300781
Balaenoptera musculus,2023-06-17T16:10:20Z,32.86,-117.28
Balaenoptera musculus,2022-11-27T15:18:35Z,33.55,-117.9
Balaenoptera musculus,2023-10-13T17:46:53Z,33.55,-117.9
Balaenoptera musculus,2022-08-28T12:54:23Z,33.55,-117.9
Balaenoptera musculus,2023-10-04T00:00:00Z,33.401267,-118.002183
Balaenoptera musculus,2023-10-04T00:00:00Z,33.401267,-118.002183
Balaenoptera musculus,2022-07-15T00:00:00Z,33.43,-117.7
Balaenoptera musculus,2023-10-04T00:00:00Z,33.401267,-118.002183
Balaenoptera musculus,2023-06-03T12:58:14Z,33.43,-117.7
Balaenoptera musculus,2023-07-24T09:57:00Z,32.755556,-117.36969
Balaenoptera musculus,2023-06-19T00:00:00Z,33.55,-117.9
Balaenoptera musculus,2023-07-23T00:00:00Z,33.55,-117.9
Balaenoptera musculus,2023-06-25T10:09:15Z,32.690062,-117.325745
Balaenoptera musculus,2023-07-15T09:41:45Z,33.978972,-119.57428
Balaenoptera musculus,2023-07-25T18:13:41Z,33.584,-118.109283
Balaenoptera musculus,2023-07-22T17:04:00Z,32.840311,-117.352263
Balaenoptera musculus,2023-07-22T00:00:00Z,32.7,-117.5
Balaenoptera musculus,2023-06-25T10:45:31Z,32.658671,-117.349091
Balaenoptera musculus,2022-07-23T15:49:27Z,33.55,-117.9
Balaenoptera musculus,2023-07-14T14:58:13Z,32.654158,-117.287557
Balaenoptera musculus,2023-07-09T12:00:00Z,32.680005,-117.272369
Balaenoptera musculus,2023-07-27T11:12:03Z,34.156292,-119.401748
Balaenoptera musculus,2023-08-06T09:55:21Z,32.616023,-117.259998
Balaenoptera musculus,2023-07-26T08:30:00Z,32.590314,-117.229769
Balaenoptera musculus,2023-07-16T15:30:00Z,32.601727,-117.227028
Balaenoptera musculus,2023-07-16T15:30:00Z,32.606383,-117.247643
Balaenoptera musculus,2023-07-15T15:30:00Z,32.606126,-117.268245
Balaenoptera musculus,2023-07-15T15:30:00Z,32.588643,-117.246251
Balaenoptera musculus,2023-07-12T10:23:09Z,33.619691,-118.046808
Balaenoptera musculus,2023-07-12T12:39:03Z,33.571361,-117.847166
Balaenoptera musculus,2023-06-25T08:47:27Z,32.692374,-117.298279
Balaenoptera musculus,2023-07-03T12:23:32Z,32.658409,-117.281113
Balaenoptera musculus,2023-07-09T11:45:00Z,33.2846,-118.20699
Balaenoptera musculus,2023-07-14T12:35:32Z,33.431826,-117.729836
Balaenoptera musculus,2022-07-23T16:20:33Z,33.55,-117.9
Balaenoptera musculus,2021-06-25T11:55:01Z,33.494234,-117.831508
Balaenoptera musculus,2023-06-22T10:49:15Z,32.761366,-117.322998
Balaenoptera musculus,2023-06-22T10:49:20Z,32.694162,-117.295532
Balaenoptera musculus,2023-06-09T08:14:37Z,32.682802,-117.391663
Balaenoptera musculus,2023-06-22T11:31:48Z,32.678179,-117.460327
Balaenoptera musculus,2023-06-09T07:57:07Z,32.733646,-117.463074
Balaenoptera musculus,2020-08-31T12:40:14Z,34.2,-120
Balaenoptera musculus,2023-06-22T11:49:58Z,32.714258,-117.306519
Balaenoptera musculus,2023-06-22T11:02:40Z,32.729025,-117.421875
Balaenoptera musculus,2023-06-08T11:53:36Z,32.733447,-117.349777
Balaenoptera musculus,2023-06-22T11:14:25Z,32.69808,-117.333984
Balaenoptera musculus,2023-06-11T15:32:08Z,32.705014,-117.340851
Balaenoptera musculus,2023-06-11T15:32:27Z,32.695769,-117.294159
Balaenoptera musculus,2023-06-22T10:37:10Z,32.686523,-117.312012
Balaenoptera musculus,2023-06-22T10:23:17Z,32.681899,-117.355957
Balaenoptera musculus,2023-06-09T09:50:31Z,32.650234,-117.338791
Balaenoptera musculus,2023-06-09T08:16:12Z,32.695769,-117.35733
Balaenoptera musculus,2023-06-09T09:48:16Z,32.69808,-117.395782
Balaenoptera musculus,2023-06-22T10:46:12Z,32.711496,-117.321625
Balaenoptera musculus,2023-06-22T13:19:00Z,32.735054,-117.336731
Balaenoptera musculus,2023-06-22T14:35:30Z,32.725812,-117.312012
Balaenoptera musculus,2023-06-22T13:03:07Z,32.688834,-117.317505
Balaenoptera musculus,2023-06-08T11:26:23Z,32.725812,-117.324371
Balaenoptera musculus,2023-06-23T08:58:30Z,32.700392,-117.295532
Balaenoptera musculus,2023-06-08T10:39:14Z,32.749619,-117.322311
Balaenoptera musculus,2023-06-08T11:26:05Z,32.751126,-117.317162
Balaenoptera musculus,2023-06-22T14:27:21Z,32.690695,-117.307892
Balaenoptera musculus,2023-07-06T13:31:37Z,33.14,-117.5
Balaenoptera musculus,2023-06-11T11:22:12Z,33.469438,-117.891245
Balaenoptera musculus,2023-06-08T15:24:22Z,33.459153,-117.73241
Balaenoptera musculus,2023-06-22T12:30:32Z,32.69278,-117.286606
Balaenoptera musculus,2023-06-08T11:52:46Z,32.710539,-117.430115
Balaenoptera musculus,2023-06-22T12:47:05Z,32.693457,-117.314758
Balaenoptera musculus,2023-06-22T12:08:30Z,32.704563,-117.291412
Balaenoptera musculus,2023-06-22T12:24:10Z,32.679985,-117.421875
Balaenoptera musculus,2023-06-08T11:28:43Z,32.721191,-117.404022
Balaenoptera musculus,2023-06-23T10:00:28Z,32.742689,-117.314072
Balaenoptera musculus,2023-06-23T10:15:09Z,32.682802,-117.402649
Balaenoptera musculus,2023-06-23T10:12:09Z,32.716569,-117.36557
Balaenoptera musculus,2023-06-26T13:18:41Z,33.600422,-118.293732
Balaenoptera musculus,2023-06-19T00:00:00Z,33.424119,-117.751802
Balaenoptera musculus,2023-06-25T15:53:31Z,33.508145,-117.822704
Balaenoptera musculus,2023-06-08T10:38:17Z,32.733447,-117.320938
Balaenoptera musculus,2023-06-23T09:10:57Z,32.69808,-117.336731
Balaenoptera musculus,2023-06-08T10:20:34Z,32.622677,-117.583923
Balaenoptera musculus,2023-06-16T09:41:11Z,32.695769,-117.307892
Balaenoptera musculus,2023-06-15T11:21:48Z,32.681899,-117.296906
Balaenoptera musculus,2023-06-09T11:31:12Z,32.705014,-117.351837
Balaenoptera musculus,2023-06-16T09:15:48Z,32.673555,-117.36969
Balaenoptera musculus,2023-06-10T08:50:59Z,32.69808,-117.351837
Balaenoptera musculus,2023-06-22T10:09:19Z,32.693457,-117.342224
Balaenoptera musculus,2023-06-22T08:41:05Z,32.691146,-117.325745
Balaenoptera musculus,2023-06-11T16:13:13Z,32.674964,-117.313385
Balaenoptera musculus,2023-06-09T11:01:15Z,32.706874,-117.330551
Balaenoptera musculus,2023-06-09T07:57:07Z,32.69808,-117.379303
Balaenoptera musculus,2023-06-16T09:21:31Z,32.702703,-117.302399
Balaenoptera musculus,2023-06-16T10:07:05Z,32.702703,-117.310638
Balaenoptera musculus,2023-06-10T11:53:24Z,32.695769,-117.327118
Balaenoptera musculus,2023-06-10T12:19:46Z,32.69808,-117.371063
Balaenoptera musculus,2023-06-10T11:12:25Z,32.688834,-117.327118
Balaenoptera musculus,2023-06-10T11:18:11Z,32.687227,-117.314072
Balaenoptera musculus,2023-06-10T10:42:41Z,32.688834,-117.338104
Balaenoptera musculus,2020-07-10T09:25:00Z,33.565353,-117.86192
Balaenoptera musculus,2023-06-01T11:24:46Z,32.702703,-117.320251
Balaenoptera musculus,2023-06-04T10:45:07Z,32.739575,-117.279739
Balaenoptera musculus,2023-06-01T11:02:09Z,32.684916,-117.343597
Balaenoptera musculus,2023-06-01T09:48:43Z,32.695317,-117.331238
Balaenoptera musculus,2023-06-01T09:47:58Z,32.707325,-117.35321
Balaenoptera musculus,2023-05-26T10:03:03Z,33.43,-117.7
Balaenoptera musculus,2023-06-08T10:36:17Z,32.79872,-117.371407
Balaenoptera musculus,2023-06-04T10:45:04Z,32.739575,-117.279739
Balaenoptera musculus,2023-06-03T16:02:57Z,32.671397,-117.300339
Balaenoptera musculus,2022-08-24T14:51:31Z,33.414162,-117.740445
Balaenoptera musculus,2022-06-19T14:12:08Z,33.417504,-117.753485
Balaenoptera musculus,2022-11-27T13:00:00Z,33.740376,-118.452187
Balaenoptera musculus,2023-05-06T15:00:00Z,32.843467,-117.322311
Balaenoptera musculus,2023-06-02T18:02:43Z,33.55,-117.9
Balaenoptera musculus,2022-10-07T00:00:00Z,32.83824,-117.32265
Balaenoptera musculus,2023-05-24T16:23:36Z,33.637168,-118.293747
Balaenoptera musculus,2022-11-20T16:39:41Z,33.731757,-118.433109
Balaenoptera musculus,2023-06-03T12:53:43Z,32.661796,-117.310638
Balaenoptera musculus,2023-06-03T12:25:32Z,32.679136,-117.305145
Balaenoptera musculus,2023-06-03T10:08:45Z,32.659484,-117.336731
Balaenoptera musculus,2023-05-24T16:23:36Z,33.637388,-118.293428
Balaenoptera musculus,2023-06-07T08:27:09Z,32.697611,-117.279053
Balaenoptera musculus,2023-06-07T12:41:00Z,32.655057,-117.383423
Balaenoptera musculus,2023-06-07T12:08:58Z,32.687227,-117.298279
Balaenoptera musculus,2023-06-07T12:38:11Z,32.70607,-117.303085
Balaenoptera musculus,2022-10-03T11:03:52Z,33.773232,-118.487127
Balaenoptera musculus,2022-11-14T13:53:27Z,33.687382,-118.340442
Balaenoptera musculus,2022-05-26T12:47:00Z,32.667314,-117.518005
Balaenoptera musculus,2022-10-03T12:00:00Z,33.778915,-118.482663
Balaenoptera musculus,2022-05-26T13:20:52Z,32.623039,-117.526245
Balaenoptera musculus,2022-10-03T12:00:00Z,33.778915,-118.482663
Balaenoptera musculus,2023-06-07T16:40:10Z,33.50162,-117.967135
Balaenoptera musculus,2023-06-04T15:03:17Z,33.250017,-117.679367
Balaenoptera musculus,2022-10-03T17:15:25Z,33.713498,-118.42956
Balaenoptera musculus,2022-10-03T16:36:11Z,33.782625,-118.492443
Balaenoptera musculus,2023-06-07T13:27:14Z,33.52064,-118.010582
Balaenoptera musculus,2022-09-04T17:46:24Z,33.45724,-117.716854
Balaenoptera musculus,2022-12-21T13:14:25Z,33.627923,-118.283193
Balaenoptera musculus,2022-11-29T11:05:26Z,33.720582,-118.427177
Balaenoptera musculus,2022-10-07T00:00:00Z,32.83824,-117.32265
Balaenoptera musculus,2023-06-07T10:16:23Z,32.713789,-117.299652
Balaenoptera musculus,2022-08-09T08:30:00Z,32.664731,-117.303085
Balaenoptera musculus,2022-08-24T11:15:00Z,33.43,-117.7
Balaenoptera musculus,2022-09-03T00:00:00Z,33.129461,-117.480466
Balaenoptera musculus,2022-07-16T13:45:12Z,33.334167,-118.081944
Balaenoptera musculus,2022-07-16T12:43:18Z,33.280278,-118.113333
Balaenoptera musculus,2022-09-04T11:48:12Z,33.417498,-117.750298
Balaenoptera musculus,2022-07-16T10:21:26Z,33.35905,-118.0278
Balaenoptera musculus,2022-06-28T13:56:00Z,32.649453,-117.269629
Balaenoptera musculus,2022-06-20T17:32:32Z,33.631718,-118.324912
Balaenoptera musculus,2022-06-20T17:32:32Z,33.643543,-118.325115
Balaenoptera musculus,2022-07-08T12:30:37Z,33.286154,-118.170077
Balaenoptera musculus,2022-05-30T00:00:00Z,32.6,-117.3
Balaenoptera musculus,2020-08-02T00:00:00Z,33.916667,-118.583333
Balaenoptera musculus,2021-06-28T18:51:44Z,33.55,-117.9
Balaenoptera musculus,2021-06-26T14:37:10Z,32.633333,-117.433333
Balaenoptera musculus,2021-07-16T10:06:37Z,33.395761,-117.866577
Balaenoptera musculus,2021-07-15T14:28:53Z,34.152778,-119.650278
Balaenoptera musculus,2021-06-10T17:39:19Z,33.554608,-118.19362
Balaenoptera musculus,2021-06-24T10:14:42Z,33.347331,-117.914944
Balaenoptera musculus,2021-06-24T15:25:25Z,33.420123,-117.768357
Balaenoptera musculus,2021-06-12T12:54:11Z,33.341912,-118.049469
Balaenoptera musculus,2020-06-26T13:48:15Z,34.124382,-119.563351
Balaenoptera musculus,2020-06-24T14:04:57Z,34.124382,-119.563351
Balaenoptera musculus,2020-07-18T12:05:32Z,34.18008,-120.073002
Balaenoptera musculus,2020-06-30T15:04:55Z,34.097093,-119.975338
Balaenoptera musculus,2020-06-30T13:16:16Z,34.124382,-119.563351
Balaenoptera musculus,2020-06-27T13:28:15Z,34.124382,-119.563351
Balaenoptera musculus,2020-10-01T15:30:10Z,34.099772,-119.674931
Balaenoptera musculus,2020-08-14T11:30:28Z,33.9,-118.583333
Balaenoptera musculus,2020-08-01T14:10:02Z,34.138023,-120.063229
Balaenoptera musculus,2020-07-26T14:52:57Z,34.138023,-120.063229
Balaenoptera musculus,2020-07-18T13:07:09Z,34.138378,-120.122018
Balaenoptera musculus,2020-07-18T12:55:45Z,34.137148,-120.12044
Balaenoptera musculus,2020-08-29T10:37:18Z,34.10705,-119.57469
Balaenoptera musculus,2020-07-23T12:23:07Z,34.158906,-119.970703
Balaenoptera musculus,2020-08-09T13:24:43Z,34.113243,-120.087558
Balaenoptera musculus,2020-08-08T15:47:36Z,34.142569,-120.096188
Balaenoptera musculus,2020-09-20T10:49:35Z,34.15603,-119.687011
Balaenoptera musculus,2020-08-13T13:51:30Z,34.138023,-120.063229
Balaenoptera musculus,2020-06-27T14:44:20Z,33.365278000000004,-117.663041
Balaenoptera musculus,2020-09-25T13:13:48Z,34.10321,-119.552128
Balaenoptera musculus,2020-09-27T12:42:49Z,34.096628,-119.55141
Balaenoptera musculus,2020-08-12T17:20:21Z,33.597356,-118.207655
Balaenoptera musculus,2020-06-19T14:21:58Z,34.210757,-119.723947
Balaenoptera musculus,2020-06-19T13:17:52Z,34.112,-119.993
Balaenoptera musculus,2020-08-25T13:00:12Z,34.108482,-119.602452
Balaenoptera musculus,2020-06-19T12:26:51Z,34.112,-119.993
Balaenoptera musculus,2020-07-30T00:00:00Z,34.080101,-119.980677
Balaenoptera musculus,2020-06-15T13:32:28Z,34.270015,-119.78106
Balaenoptera musculus,2020-08-25T14:57:26Z,34.120261,-119.624634
Balaenoptera musculus,2020-06-27T00:00:00Z,33.43,-117.7
Balaenoptera musculus,2020-06-27T00:00:00Z,33.43,-117.7
Balaenoptera musculus,2020-08-02T00:00:00Z,33.916667,-118.583333
Balaenoptera musculus,2020-08-27T12:17:41Z,34.104803,-119.590928
Balaenoptera musculus,2020-07-25T11:31:42Z,34.119,-120.089
Balaenoptera musculus,2020-09-12T12:41:31Z,34.119014,-119.582586
Balaenoptera musculus,2020-09-12T12:48:39Z,34.121008,-119.576314
Balaenoptera musculus,2020-09-12T12:41:04Z,34.120792,-119.573831
Balaenoptera musculus,2020-09-12T12:20:12Z,34.125961,-119.582469
Balaenoptera musculus,2020-08-28T12:56:41Z,34.101078,-119.571045
Balaenoptera musculus,2020-09-23T12:08:00Z,34.100573,-119.612507
Balaenoptera musculus,2020-09-23T12:53:05Z,34.098238,-119.577363
Balaenoptera musculus,2020-09-26T13:12:03Z,34.122383,-119.789897
Balaenoptera musculus,2020-09-24T12:11:10Z,34.083333,-119.533333
Balaenoptera musculus,2020-08-29T10:36:05Z,34.107367000000004,-119.574802
Balaenoptera musculus,2020-08-29T10:06:16Z,34.103117,-119.581702
Balaenoptera musculus,2020-08-29T11:06:20Z,34.100788,-119.60386
Balaenoptera musculus,2020-08-10T00:00:00Z,33.8,-118.483333
Balaenoptera musculus,2020-08-28T12:43:46Z,34.098118,-119.576523
Balaenoptera musculus,2020-07-24T12:05:22Z,32.9018,-117.2595
Balaenoptera musculus,2020-08-28T12:42:48Z,34.098355,-119.575962
Balaenoptera musculus,2020-08-28T12:12:34Z,34.099278,-119.581252
Balaenoptera musculus,2020-08-28T12:35:23Z,34.102442,-119.575503
